groups,effect,lower,upper
White v. African Americans,1.08457700593857,0.794528112240104,1.37462589963704
White v. Asian Americans,0.545450521843572,0.273082282491463,0.817818761195682
White v. Hispanic Americans,1.3377749251342,0.750059753088922,1.92549009717947
Asian v. African Americans,0.552772615928464,0.331010244107629,0.7745349877493
Asian v. Hispanic Americans,0.6076241469821,0.303548030231314,0.911700263732886
African v. Hispanic Americans,-0.0565357571756713,-0.305068317629928,0.191996803278585
