groups,dimensions,effect,lower,upper
White v. African Americans,Superiority,1.2436134306012288,0.8498182691388333,1.637408592063624
White v. Asian Americans,Superiority,0.440048283139871,0.03767716406389232,0.8424194022158497
White v. Hispanic Americans,Superiority,2.105059236498272,1.7014198117951116,2.508698661201432
Asian v. African Americans,Superiority,0.7429561842522848,0.3465235373913909,1.1393888311131788
Asian v. Hispanic Americans,Superiority,1.2863231623680351,0.8904725813417305,1.6821737433943398
African v. Hispanic Americans,Superiority,0.33399154470704717,-0.06136471440986779,0.7293478038239621
