groups,dimensions,effect,lower,upper
White v. African Americans,Superiority,0.7462762277733549,0.335247454461601,1.157305001085109
White v. Asian Americans,Superiority,0.7102525917184961,0.30231774436072817,1.118187439076264
White v. Hispanic Americans,Superiority,1.151504464942683,0.7484055277190886,1.5546034021662776
Asian v. African Americans,Superiority,0.11748043442702716,-0.27913021312202674,0.5140910819760811
Asian v. Hispanic Americans,Superiority,0.33931697730116755,-0.060572614076397746,0.7392065686787328
African v. Hispanic Americans,Superiority,0.17474609413347458,-0.21277217777884194,0.5622643660457911
