groups,dimensions,effect,lower,upper
White v. African Americans,Superiority,0.7413179058625878,0.3328156362241563,1.1498201755010193
White v. Asian Americans,Superiority,0.6902600990373006,0.28055656054019623,1.0999636375344048
White v. Hispanic Americans,Superiority,1.3134172871225345,0.9111141353810877,1.7157204388639813
Asian v. African Americans,Superiority,0.1657750614397942,-0.23229968073174118,0.5638498036113295
Asian v. Hispanic Americans,Superiority,0.5023403485052469,0.1097229291156176,0.8949577678948761
African v. Hispanic Americans,Superiority,0.23852001257323152,-0.15019946869781592,0.6272394938442789
