groups,dimensions,effect,lower,upper
White v. African Americans,Superiority,1.4326448177323798,1.0413046518780116,1.823984983586748
White v. Asian Americans,Superiority,0.5719235356113306,0.17171305212099774,0.9721340191016634
White v. Hispanic Americans,Superiority,2.1912183833429437,1.7850756054470622,2.597361161238825
Asian v. African Americans,Superiority,0.810250249533572,0.41756929617172944,1.2029312028954147
Asian v. Hispanic Americans,Superiority,1.2402934855822816,0.8424082856681598,1.6381786854964033
African v. Hispanic Americans,Superiority,0.20082975541513845,-0.19579752271621978,0.5974570335464967
