groups,dimensions,effect,lower,upper
White v. Black people,Americanness,0.56080036162966,0.16878249331281264,0.9528182299465073
White v. Asian people,Americanness,0.9922792432558664,0.5925527521279741,1.3920057343837586
White v. Hispanic people,Americanness,1.886681196661224,1.4855376281743915,2.2878247651480565
Black v. Asian people,Americanness,0.42433521487349574,0.035865403819321684,0.8128050259276698
Black v. Hispanic people,Americanness,1.2650247899434826,0.8669291698466133,1.6631204100403518
Asian v. Hispanic people,Americanness,0.8150072196010619,0.4351255638094858,1.194888875392638
