groups,dimensions,effect,lower,upper
White v. African Americans,Americanness,1.2476884801454604,0.8496762561711413,1.6457007041197795
White v. Asian Americans,Americanness,3.0178882895141315,2.6053329107076433,3.4304436683206196
White v. Hispanic Americans,Americanness,2.3973512509890478,1.9903659655106807,2.804336536467415
African v. Asian Americans,Americanness,1.6474796335576622,1.2539595636087617,2.0409997035065626
African v. Hispanic Americans,Americanness,1.0403278709307586,0.649714415583794,1.4309413262777233
Asian v. Hispanic Americans,Americanness,-0.6490819615944802,-1.0417513419385986,-0.25641258125036176
