groups,dimensions,effect,lower,upper
White v. African Americans,Americanness,1.496946736611837,1.1071599356315176,1.8867335375921563
White v. Asian Americans,Americanness,3.3661363757508758,2.9499806279586354,3.782292123543116
White v. Hispanic Americans,Americanness,3.103471874769292,2.69671787243575,3.510225877102834
African v. Asian Americans,Americanness,1.597164586159117,1.2036787096556125,1.9906504626626216
African v. Hispanic Americans,Americanness,1.2668382547869619,0.878736785602942,1.6549397239709818
Asian v. Hispanic Americans,Americanness,-0.43356358940413187,-0.8212582891008969,-0.0458688897073668
